,nose_x,nose_y,nose_z,left_shoulder_x,left_shoulder_y,left_shoulder_z,right_shoulder_x,right_shoulder_y,right_shoulder_z,left_elbow_x,left_elbow_y,left_elbow_z,right_elbow_x,right_elbow_y,right_elbow_z,left_wrist_x,left_wrist_y,left_wrist_z,right_wrist_x,right_wrist_y,right_wrist_z,left_hip_x,left_hip_y,left_hip_z,right_hip_x,right_hip_y,right_hip_z,left_knee_x,left_knee_y,left_knee_z,right_knee_x,right_knee_y,right_knee_z,left_ankle_x,left_ankle_y,left_ankle_z,right_ankle_x,right_ankle_y,right_ankle_z,left_shoulder_hip_knee_angle,right_shoulder_hip_knee_angle,left_hip_knee_ankle_angle,right_hip_knee_ankle_angle,left_shoulder_elbow_wrist_angle,right_shoulder_elbow_wrist_angle,left_hip_shoulder_elbow_angle,right_hip_shoulder_elbow_angle,left_head_shoulder_hip_angle,right_head_shoulder_hip_angle
0,-0.29531461000442505,0.4675593376159668,-0.0467635840177536,-0.33778464794158936,0.317822128534317,-0.11675788462162018,-0.3802141845226288,0.33279335498809814,0.19131989777088165,-0.35132718086242676,0.5995611548423767,-0.18514199554920197,-0.3399026095867157,0.5056306719779968,0.19816482067108154,-0.44212132692337036,0.8016656637191772,-0.052250877022743225,-0.3734988868236542,0.6931761503219604,0.1019325777888298,0.0007559577934443951,0.012146015651524067,-0.06696251034736633,-0.004683172330260277,-0.010431545786559582,0.06935392320156097,-0.020140796899795532,0.33162814378738403,-0.045666370540857315,-0.09468215703964233,0.36398619413375854,0.11468399316072464,0.00453910231590271,0.688421368598938,0.05645826831459999,-0.04214271903038025,0.6834419369697571,0.2596307098865509,134.7622206368196,145.83008552348204,14.2989696349904,27.987828346979477,49.113367707910676,36.685871189674195,45.03299411414188,61.02051121723786,69.1203139466378,95.61598576756792
1,-0.5864354968070984,0.21396660804748535,-0.09045544266700745,-0.4314977526664734,0.11728934943675995,-0.15912960469722748,-0.4804314076900482,0.0779663547873497,0.18103356659412384,-0.43431544303894043,0.3688732981681824,-0.2076696902513504,-0.3838609755039215,0.2891686260700226,0.18254122138023376,-0.46976861357688904,0.5754193663597107,-0.07610556483268738,-0.3909074068069458,0.5238564014434814,0.1369081735610962,-0.004691786598414183,0.025191590189933777,-0.0742521807551384,0.0021099895238876343,-0.026962433010339737,0.07489904761314392,-0.15728405117988586,0.28499966859817505,-0.04855991154909134,-0.18111270666122437,0.23978696763515472,0.19700509309768677,-0.08819078654050827,0.6322103142738342,0.09498852491378784,-0.08234263211488724,0.5659546852111816,0.4003342390060425,130.23088794370014,137.77082851592363,43.817956339496234,46.929265623534114,43.91115544566676,28.4988913898139,75.5230598774214,101.94483160996046,37.11735006983741,76.9766873152549
2,-0.09728337079286575,-0.6121785044670105,-0.13209982216358185,0.07259389013051987,-0.4049684405326843,-0.22108295559883118,0.05886290222406387,-0.48796287178993225,0.13810676336288452,0.12168246507644653,-0.1935359388589859,-0.2945261001586914,0.1070326715707779,-0.17452694475650787,0.08811261504888535,0.053587011992931366,0.013567532412707806,-0.20159152150154114,-0.0025617526844143867,0.006371369119733572,-0.032340873032808304,0.00488788727670908,0.02260497957468033,-0.07250197231769562,-0.0013035584706813097,-0.026160791516304016,0.0732724666595459,-0.3309144675731659,0.062171854078769684,-0.0756688117980957,-0.3466261327266693,-0.04997290298342705,0.1366199553012848,-0.7036084532737732,0.11788395792245865,-0.011572116985917091,-0.7539231181144714,0.04122519865632057,0.2324836552143097,75.33418632034238,88.03504421610276,10.343027046050368,16.42176654952733,51.75004149530455,42.68177387030482,136.57301979439652,163.9830471838668,60.376078500986644,78.88384137086639
3,0.5943124294281006,-0.11980262398719788,-0.12759941816329956,0.41469863057136536,0.0928172841668129,-0.15873581171035767,0.4765215814113617,-0.03144267946481705,0.21304544806480408,0.24585656821727753,0.09420698881149292,-0.2043628841638565,0.2432897835969925,-0.05583430826663971,0.19517089426517487,0.25392478704452515,-0.11703957617282867,-0.04955853521823883,0.24905991554260254,-0.21927997469902039,0.00465666688978672,0.0026730725076049566,0.024676550179719925,-0.08110653609037399,0.0018116701394319534,-0.02278563380241394,0.08137761801481247,0.2947332561016083,-0.1479591429233551,-0.2013089805841446,0.33806347846984863,-0.21251264214515686,0.14715565741062164,-0.06764267385005951,-0.1385001242160797,-0.07904297858476639,-0.05274493992328644,-0.22697122395038605,0.11410760879516602,140.4588012558143,151.71336859858377,152.52410500321037,148.34433218859832,100.96768642548004,84.1231419396924,152.55030341305294,166.89651698465119,61.31643072805978,86.29062274590095
4,0.6216869950294495,-0.10177768766880035,-0.0926932618021965,0.4571879506111145,0.07396596670150757,-0.1653929352760315,0.5283483266830444,0.019167223945260048,0.1976332664489746,0.2556356191635132,0.13688038289546967,-0.1972043812274933,0.24024279415607452,0.05713789910078049,0.21175208687782288,0.08998316526412964,-0.01058601588010788,-0.03549867868423462,0.10476736724376678,-0.06404497474431992,0.1280072182416916,-0.004336073063313961,0.019786419346928596,-0.07331574708223343,0.008608712814748287,-0.016967715695500374,0.07323677092790604,-0.23589655756950378,-0.31063246726989746,-0.12921388447284698,-0.15030188858509064,-0.31672847270965576,0.08242718875408173,-0.3392224609851837,0.03591106832027435,0.02056657150387764,-0.31322842836380005,-0.007206710986793041,0.21124249696731567,51.68879865432986,59.495683938190915,128.36233349744003,121.29074955521091,71.1187742308104,55.1794033210686,148.97588454234193,160.18456983193533,59.920382941376346,87.3822518627715
5,0.6276362538337708,-0.135147824883461,-0.19405338168144226,0.43201735615730286,0.10683957487344742,-0.11026833206415176,0.503321647644043,-0.0706586167216301,0.1300884187221527,0.4967162013053894,0.2698638439178467,-0.29685309529304504,0.3357846140861511,-0.0635003075003624,0.3018456995487213,0.6327379941940308,0.33202216029167175,-0.3822934031486511,0.3251466751098633,-0.19670814275741577,0.4551510214805603,0.0018910560756921768,0.08019023388624191,-0.020365310832858086,0.006369017995893955,-0.08357666432857513,0.02533004991710186,0.11292070150375366,0.05834544077515602,-0.44463151693344116,0.023537684231996536,-0.40614280104637146,-0.15872159600257874,-0.2525584101676941,0.09469758719205856,-0.3475438356399536,-0.28204458951950073,-0.15624308586120605,-0.032341696321964264,116.19104069539097,85.47057145582497,119.66662061008408,135.0800368182276,37.74755529737904,56.19597299829447,64.26628975597053,122.30430167134386,53.07630817315941,81.34708873510549
6,-0.137200266122818,-0.5049901604652405,-0.1184743121266365,0.06547603756189346,-0.3576342761516571,-0.1890420913696289,0.05112916976213455,-0.45320820808410645,0.1801365613937378,0.010347289964556694,-0.1410827338695526,-0.2390783131122589,0.011737644672393799,-0.17553098499774933,0.1685955822467804,-0.14470665156841278,-0.07955677062273026,-0.08205679804086685,-0.16923931241035461,-0.13263733685016632,0.01722932793200016,-0.0014485237188637257,0.02098792977631092,-0.07534211128950119,0.004141596611589193,-0.02454986423254013,0.0768737941980362,-0.3152780532836914,-0.16509908437728882,-0.1362951397895813,-0.24245019257068634,-0.2895265817642212,0.06324855238199234,-0.544365406036377,0.12244600057601929,0.013006240129470825,-0.5660818219184875,0.028785180300474167,0.19317691028118134,112.3438546330794,128.77622020772966,86.37297260935301,92.1145636940988,74.50527613015147,72.01225804344237,150.60191728249117,168.7451736181566,70.87099938085989,96.34582108078527
7,0.5958433747291565,-0.16997063159942627,-0.04648450016975403,0.42606112360954285,0.05246223881840706,-0.09278523176908493,0.49441245198249817,-0.004058383405208588,0.23865149915218353,0.46365344524383545,0.1937038004398346,-0.34083884954452515,0.29916858673095703,-0.06132539361715317,0.4181729555130005,0.5812127590179443,0.2214960902929306,-0.4288051128387451,0.3161928951740265,-0.20297658443450928,0.568496823310852,0.01121390052139759,0.014893575571477413,-0.06491675227880478,-0.0018982411129400134,-0.019015874713659286,0.0683896467089653,-0.1413954794406891,-0.3745391368865967,-0.11647859215736389,-0.2530832886695862,-0.30616918206214905,0.06743061542510986,-0.4590131640434265,-0.1458091139793396,0.05593128874897957,-0.3325854241847992,0.022244440391659737,0.23260930180549622,64.22558757695971,49.85113537613287,105.93749952235314,121.27532824811635,45.48270592657807,55.596250208824024,76.62008660139354,118.1478561035674,59.11183033238194,90.21763904381818
8,0.6144787073135376,-0.13441218435764313,-0.13867807388305664,0.44830477237701416,0.07012723386287689,-0.16395488381385803,0.5249616503715515,0.03846385329961777,0.16481609642505646,0.44474712014198303,0.1718054711818695,-0.4045206606388092,0.34396353363990784,-0.005710676312446594,0.3384215831756592,0.5514699220657349,0.19554704427719116,-0.5042468309402466,0.3946230113506317,-0.1502169370651245,0.46844303607940674,0.0050689284689724445,0.01641494780778885,-0.060791369527578354,0.00411297706887126,-0.019437870010733604,0.06414831429719925,-0.08651517331600189,-0.3056544065475464,-0.08225380629301071,-0.12250728905200958,-0.342713862657547,0.09460844099521637,-0.324765682220459,0.011953558772802353,0.05535624176263809,-0.3184763193130493,-0.008980387821793556,0.20658716559410095,68.76884322117121,63.975509247278524,126.27843405119171,124.56472883979153,47.67681236519839,67.24525402349728,76.12512703938685,125.7277835631511,60.32555878823807,88.19430217879587
9,0.5810635089874268,-0.09678994864225388,-0.09081563353538513,0.41542959213256836,0.025487840175628662,-0.17279218137264252,0.48433735966682434,-0.000584818422794342,0.21056558191776276,0.2831156253814697,-0.17525053024291992,-0.21497099101543427,0.2603122889995575,-0.13598157465457916,0.2755259871482849,0.1559450924396515,-0.34279632568359375,-0.02598537504673004,0.12878897786140442,-0.3373085856437683,0.2412399798631668,-0.006454958114773035,0.015600054524838924,-0.07951923459768295,0.010625871829688549,-0.013095755130052567,0.07913421094417572,0.029106926172971725,-0.3222082555294037,-0.1279444843530655,0.09600546956062317,-0.3657248318195343,0.11227348446846008,-0.2722974419593811,-0.08126544952392578,0.05631500110030174,-0.23980657756328583,-0.16300304234027863,0.244195818901062,96.26402002957448,103.02821414273662,133.52189184112473,129.44084144909215,52.00688409373614,33.71322740873078,120.70806778614435,138.46423235965605,50.418969563927256,88.23677341655991
10,0.5696936845779419,-0.10498587787151337,-0.08386155217885971,0.40828824043273926,0.02821696177124977,-0.15575841069221497,0.483504056930542,-0.005514934659004211,0.21176305413246155,0.25848525762557983,-0.14864271879196167,-0.19076599180698395,0.2505298852920532,-0.12907427549362183,0.2771921753883362,0.13370758295059204,-0.32001787424087524,-0.014481466263532639,0.10962460935115814,-0.3303871154785156,0.23648689687252045,-0.004034893121570349,0.015036680735647678,-0.07319493591785431,0.00857143010944128,-0.01256492268294096,0.07264475524425507,-0.010102605447173119,-0.32953235507011414,-0.11920257657766342,0.04879704490303993,-0.3689468502998352,0.09375806897878647,-0.26949140429496765,-0.05138254910707474,0.050506360828876495,-0.25293320417404175,-0.13154441118240356,0.22406667470932007,88.72889283713413,96.30546110954558,134.82505212228924,130.18670721693096,48.49212699099533,35.58371881760733,128.36425716793153,139.60341196007636,50.78344702378166,90.3197440725699
11,0.5748632550239563,-0.1443602442741394,-0.1646208018064499,0.4548387825489044,0.05005275830626488,-0.21695323288440704,0.4667419195175171,-0.05860776826739311,0.10673899203538895,0.3846814036369324,-0.1370864063501358,-0.41034072637557983,0.27427735924720764,-0.24095085263252258,0.15769553184509277,0.3269426226615906,-0.3376199007034302,-0.42560404539108276,0.2646138370037079,-0.5069214105606079,0.18790371716022491,0.010412539355456829,0.04573606699705124,-0.05197859928011894,-0.010135896503925323,-0.04669325053691864,0.056500110775232315,0.2784000039100647,0.02895928919315338,-0.24216948449611664,0.27727535367012024,-0.22638516128063202,0.3165722191333771,0.283657968044281,-0.2699331045150757,-0.25627973675727844,0.22949612140655518,-0.5524811148643494,0.5187166333198547,164.61701608681858,137.9889053408189,84.69354257075477,53.85226079241504,40.070110233193056,44.138916789669416,90.03631814075575,132.23728134329266,66.74732668062057,74.53022201429054
12,0.6464738845825195,-0.12407322227954865,-0.07652488350868225,0.48780861496925354,0.07045849412679672,-0.13915714621543884,0.5605316162109375,0.03553713113069534,0.2033635675907135,0.34324130415916443,0.12550696730613708,-0.17385077476501465,0.3573063015937805,0.07138344645500183,0.30628904700279236,0.27957507967948914,-0.03909752517938614,0.0056303986348211765,0.3000473082065582,-0.060281042009592056,0.3356139361858368,-0.004381457343697548,0.031451597809791565,-0.0770636573433876,0.009025712497532368,-0.028945699334144592,0.07712550461292267,-0.4153745770454407,0.0632137581706047,-0.12546907365322113,-0.2515956461429596,-0.22656171023845673,0.11658455431461334,-0.7981423139572144,0.15429577231407166,-0.11206675320863724,-0.45528969168663025,-0.019366255030035973,0.2883894145488739,16.491451649790164,36.1410844087755,12.44540242460394,80.20344555113833,98.76939431968721,72.90259582949668,147.9309972248693,137.47430121198636,58.841094894646986,89.46502112889858
13,0.6372684836387634,-0.1496458351612091,-0.08227330446243286,0.48335081338882446,0.06705401837825775,-0.1404365748167038,0.5640000700950623,-0.009493738412857056,0.20069050788879395,0.33998504281044006,0.10572414845228195,-0.2155665159225464,0.2988160252571106,0.007222754880785942,0.22067609429359436,0.4242617189884186,-0.017063288018107414,-0.11836014688014984,0.1987663358449936,-0.10076200217008591,0.13946455717086792,-0.0003385511226952076,0.02235889621078968,-0.0718105211853981,0.004575638100504875,-0.02014508657157421,0.07255134731531143,-0.4157068431377411,0.08162227272987366,-0.1194622740149498,-0.3138224184513092,0.007236650213599205,0.16525062918663025,-0.7897818088531494,0.15064461529254913,-0.08268716931343079,-0.7098597288131714,-0.026439223438501358,0.2953072190284729,19.7332593027354,29.67529075142042,12.225544292900928,9.539392331258531,144.63154139467528,58.95469670198103,139.91453278989152,162.17767336884458,62.916689473381666,89.00332708682757
14,0.6493735313415527,-0.15449288487434387,-0.07829643040895462,0.48861175775527954,0.06516797840595245,-0.1374928057193756,0.5677257180213928,-0.014631681144237518,0.20709097385406494,0.35611721873283386,0.10056552290916443,-0.1967402547597885,0.3065575361251831,0.0011998414993286133,0.20877529680728912,0.43710148334503174,-0.02235490456223488,-0.0793217197060585,0.21224619448184967,-0.11237673461437225,0.09863177686929703,-0.0006827195174992085,0.023856332525610924,-0.07423590123653412,0.00500868633389473,-0.021895388141274452,0.07524332404136658,-0.42822957038879395,0.08111394196748734,-0.10660432279109955,-0.3063591718673706,-0.00902714766561985,0.1695677936077118,-0.7936168313026428,0.15276384353637695,-0.07293359190225601,-0.6943280100822449,-0.033061493188142776,0.30555814504623413,17.02217958451757,30.18204075769017,10.072344012304994,6.127231896536273,141.57591498830607,61.97051422853145,143.71278271056622,165.81786761827328,61.48456232000389,87.79387141703508
15,-0.3532201647758484,-0.1878930628299713,-0.13647308945655823,-0.19615766406059265,-0.2788905203342438,-0.18245840072631836,-0.33585643768310547,-0.3521619141101837,0.11247850209474564,-0.24387326836585999,-0.10003986954689026,-0.21072715520858765,-0.39939573407173157,-0.12156473100185394,0.11677789688110352,-0.28499266505241394,-0.1090656965970993,-0.043384067714214325,-0.5721856355667114,0.019909530878067017,-0.017687765881419182,0.03392687439918518,0.017351962625980377,-0.052813466638326645,-0.033400215208530426,-0.020087402313947678,0.056146569550037384,-0.18012335896492004,-0.10532506555318832,-0.2677505910396576,-0.33786922693252563,-0.2809775173664093,0.03419942408800125,-0.48356276750564575,0.12331327795982361,-0.10919444262981415,-0.6247917413711548,0.055124491453170776,0.15839456021785736,150.8908145131827,167.52439245516018,88.79920708231383,90.9488403787021,97.7957261919786,46.37635110301072,121.05811793862999,121.82987926208932,87.51775919023521,117.91659991695053
16,-0.20343844592571259,0.019924357533454895,-0.4076279103755951,-0.043526239693164825,-0.12584945559501648,-0.3642347753047943,-0.32401126623153687,-0.1769384890794754,-0.17265932261943817,-0.08985137194395065,0.10095217823982239,-0.4441130459308624,-0.328534334897995,0.06387066841125488,-0.25596362352371216,-0.2374815046787262,0.2606861889362335,-0.38302144408226013,-0.43559959530830383,0.21252700686454773,-0.4305803179740906,0.08501393347978592,0.01133473590016365,-0.01791725866496563,-0.08877519518136978,-0.014778248965740204,0.02013237215578556,-0.04612400382757187,0.020742230117321014,-0.3094702363014221,-0.4418138861656189,-0.10353913903236389,-0.09948450326919556,-0.21528208255767822,0.2850731313228607,-0.30127307772636414,-0.5378648042678833,0.26872825622558594,-0.0686834454536438,157.61988547862157,155.8399853485557,77.17914495581543,91.09235609052631,46.35064934586835,37.996790467527795,88.51286756995952,104.45401815184796,79.67611274157112,97.58506549623625
17,-0.37088534235954285,-0.17839908599853516,-0.147994726896286,-0.2331906259059906,-0.2643553614616394,-0.19306696951389313,-0.3620260953903198,-0.341229647397995,0.10555657744407654,-0.26606109738349915,-0.07945560663938522,-0.154507577419281,-0.41455453634262085,-0.1112031564116478,0.09844759851694107,-0.2668113708496094,-0.08258414268493652,0.09410227090120316,-0.5821217894554138,0.030119389295578003,-0.041835565119981766,0.02875533699989319,0.018116844817996025,-0.050861649215221405,-0.02864452451467514,-0.020395372062921524,0.05556962266564369,-0.13884122669696808,-0.11712221056222916,-0.276143878698349,-0.3542279303073883,-0.26179039478302,0.05643172562122345,-0.4095737040042877,0.11836469173431396,-0.052853405475616455,-0.5568988919258118,0.05673612654209137,0.20845258235931396,153.1063129559984,170.49732506119076,106.21350095505389,93.7446010090543,79.07685853253884,46.47518354081524,128.58675946498977,121.03915063369931,85.54059994455476,116.20976284618975
18,-0.29492419958114624,-0.20345467329025269,-0.1246802806854248,-0.15816427767276764,-0.2906529903411865,-0.18022049963474274,-0.25701209902763367,-0.3744391202926636,0.11683030426502228,-0.1993650197982788,-0.10967995226383209,-0.21581144630908966,-0.3323592245578766,-0.1219576895236969,0.11119107902050018,-0.250673770904541,-0.11151681840419769,-0.04661033675074577,-0.5425113439559937,-0.005817383527755737,-0.026878245174884796,0.015143201686441898,0.020310688763856888,-0.057462502270936966,-0.014430632814764977,-0.023539984598755836,0.05979185551404953,-0.2060762643814087,-0.18819116055965424,-0.19375383853912354,-0.2743114233016968,-0.3635424077510834,0.06103184074163437,-0.46348780393600464,0.07390595972537994,-0.02542329579591751,-0.5098136067390442,-0.008008882403373718,0.22255642712116241,162.90002811656527,172.06659919928484,98.82155245013502,107.7450291715526,97.29044927069293,51.00136638847868,128.9797704588537,128.51971240446775,99.11934765581432,120.1954887365201
19,-0.015947982668876648,-0.608546257019043,-0.096852146089077,0.1093924343585968,-0.34382522106170654,-0.1917438805103302,0.13925419747829437,-0.4443667232990265,0.20660683512687683,0.04720858857035637,-0.12473049759864807,-0.23438866436481476,0.05724380910396576,-0.17773404717445374,0.2106461226940155,-0.13695810735225677,-0.10113928467035294,-0.05440140888094902,-0.13378776609897614,-0.1693037748336792,0.09158103913068771,-0.01700730249285698,0.019682345911860466,-0.08571349084377289,0.02065195143222809,-0.02248605713248253,0.0859842374920845,-0.3288164734840393,-0.22151756286621094,-0.13322679698467255,-0.21364477276802063,-0.33704257011413574,0.15311270952224731,-0.5331354737281799,0.07354185730218887,0.06749247014522552,-0.4947240948677063,-0.010060522705316544,0.2772415280342102,109.65069298213908,128.6699524133789,95.97512331264878,99.23868406109462,81.41388498264386,73.89449928124252,153.78312994579346,163.72256908272124,55.09782420080346,85.24563753623558
20,-0.07612636685371399,-0.5634120106697083,-0.22886571288108826,0.07950694113969803,-0.3640083372592926,-0.1677968055009842,-0.02551138773560524,-0.45158880949020386,0.14232732355594635,-0.042173098772764206,-0.18255548179149628,-0.147823303937912,-0.08293600380420685,-0.2125272899866104,0.013200021348893642,-0.09362803399562836,-0.35812389850616455,0.07013384252786636,-0.15675754845142365,-0.3300623297691345,-0.20596884191036224,0.025930143892765045,0.018286561593413353,-0.07084369659423828,-0.0235655028373003,-0.023634055629372597,0.0732828825712204,-0.30695223808288574,-0.10065881907939911,-0.11926692724227905,-0.30945003032684326,-0.2763846516609192,0.04596886783838272,-0.571413516998291,0.14601770043373108,-0.013144824653863907,-0.6380688548088074,0.01932475157082081,0.13755132257938385,103.16008515956419,130.1064114434188,66.53120672592718,84.44979270433096,109.89342350914042,86.46524615162124,153.03129305427544,157.3641428866684,44.54653259346606,82.43060005817507
21,0.10176106542348862,-0.5717856884002686,-0.07440169900655746,0.2197984755039215,-0.3339814841747284,-0.1575932502746582,0.19607897102832794,-0.43728065490722656,0.2168322056531906,0.024077843874692917,-0.22552645206451416,-0.20679005980491638,-0.0002741962671279907,-0.27928027510643005,0.22883647680282593,-0.14672723412513733,-0.21229833364486694,-0.04060117527842522,-0.19011233747005463,-0.2578791677951813,0.13385072350502014,0.013093853369355202,0.01970939338207245,-0.06883382052183151,-0.009101816453039646,-0.02154759131371975,0.07004562765359879,-0.1584053933620453,-0.2501767873764038,-0.166242316365242,-0.09637540578842163,-0.360426664352417,0.07080463320016861,-0.5451886057853699,-0.20645210146903992,-0.021766381338238716,-0.5627931952476501,-0.26107242703437805,0.1559228152036667,119.33831079039521,136.32889085486272,73.05123589395406,87.59902713675419,60.78657404593169,42.770978299620005,140.82673600752696,148.13907695633185,63.34023146794433,92.17930632288159
22,-0.03883946314454079,-0.582083523273468,-0.043457284569740295,-0.01288560964167118,-0.4018615484237671,-0.15798042714595795,0.13976162672042847,-0.4592585563659668,0.11900298297405243,-0.18502959609031677,-0.3411131501197815,-0.10159893333911896,0.04821738973259926,-0.305988073348999,0.21504373848438263,-0.14688974618911743,-0.3777766227722168,0.1669672727584839,-0.11014770716428757,-0.36131805181503296,0.3108866810798645,-0.04590587317943573,0.023050375282764435,-0.052296798676252365,0.04900801181793213,-0.027769088745117188,0.05333800986409187,-0.40397337079048157,0.04846310615539551,-0.052814021706581116,-0.1524687558412552,-0.2647576928138733,0.18869316577911377,-0.7557437419891357,0.11654770374298096,0.033784169703722,-0.19505445659160614,0.03938561677932739,0.3468986451625824,81.7686572396844,127.88326597631746,15.281089733348944,111.04537325417061,83.02659626006462,67.12964917825335,116.51721233359314,138.93393273745326,47.658108098097806,77.50764254281387
23,-0.4103797376155853,-0.36268529295921326,-0.2625448703765869,-0.12336503714323044,-0.30218958854675293,-0.2542785704135895,-0.3179313838481903,-0.3710516393184662,0.02039508707821369,-0.0030396655201911926,-0.2156749665737152,-0.31067559123039246,-0.4511990547180176,-0.215016707777977,0.017324987798929214,0.14111265540122986,-0.08802168816328049,-0.224210724234581,-0.6655396223068237,-0.051616400480270386,-0.041234858334064484,0.0322335809469223,0.016109049320220947,-0.06170432269573212,-0.031649984419345856,-0.022276373580098152,0.06165016070008278,-0.30470648407936096,0.07247713208198547,-0.08570241928100586,-0.35052812099456787,-0.08178023993968964,0.12031962722539902,-0.657733142375946,0.12022870779037476,-0.00623903376981616,-0.6565839052200317,0.05551055073738098,0.18788476288318634,106.45018468567689,137.21659213655374,16.688327967887904,34.111909093164435,45.370566791463894,16.610078682520005,123.6153875796032,99.9970623385463,56.38560455547976,74.86807857192662
24,-0.4029797911643982,-0.41960078477859497,-0.22617174685001373,-0.11089922487735748,-0.3324171006679535,-0.23131762444972992,-0.32480669021606445,-0.37999531626701355,0.04612316936254501,0.03180452436208725,-0.22894510626792908,-0.28880101442337036,-0.4650006890296936,-0.17814049124717712,0.029991216957569122,0.15763458609580994,-0.08034151792526245,-0.21614767611026764,-0.6560672521591187,-0.04950988292694092,-0.04145281761884689,0.03392951190471649,0.011913378722965717,-0.05609413981437683,-0.03167278319597244,-0.017277155071496964,0.0552850216627121,-0.28227105736732483,0.09672929346561432,-0.09077491611242294,-0.25581520795822144,-0.08870106935501099,0.2099064737558365,-0.6705265045166016,0.1352439522743225,-0.03246638551354408,-0.28874096274375916,0.05515294522047043,0.3538791537284851,99.60613486524629,133.3828795768817,17.277859432714244,70.50759419741759,40.83014301401148,24.831867964425477,127.17413744184257,106.15929244844452,55.403687651518304,72.65615321375785
25,-0.175931915640831,-0.580916166305542,-0.10658381134271622,0.0013964921236038208,-0.3974538743495941,-0.18515625596046448,-0.03576364368200302,-0.4707547724246979,0.18144825100898743,-0.040195342153310776,-0.19797998666763306,-0.2444854974746704,-0.10905800759792328,-0.19416329264640808,0.17215585708618164,-0.21666431427001953,-0.06516934186220169,-0.12171455472707748,-0.29573774337768555,-0.057796645909547806,0.08691640198230743,0.002020541811361909,0.01319575123488903,-0.07726312428712845,0.0006737668300047517,-0.01682185009121895,0.07815426588058472,-0.36245083808898926,0.06704049557447433,-0.10046309232711792,-0.3015754222869873,-0.049627307802438736,0.18658971786499023,-0.7194840908050537,0.12680910527706146,-0.051270101219415665,-0.5342183709144592,0.11372151970863342,0.2857373058795929,82.89722314747249,104.25133543343476,11.394733762401472,38.82328679888686,60.32726191726645,42.27749753056083,146.9015321677205,157.87676386526124,53.78528432035713,80.77376405855588
26,-0.15192127227783203,-0.5861614346504211,-0.0615885891020298,0.06849998980760574,-0.3977786600589752,-0.14713194966316223,-0.004065883811563253,-0.490573912858963,0.2033982127904892,-0.030048197135329247,-0.1901855766773224,-0.1637400984764099,-0.04933931678533554,-0.21356411278247833,0.1812654286623001,-0.18159101903438568,-0.22887426614761353,0.04043816775083542,-0.19552962481975555,-0.15855734050273895,0.03913034871220589,0.030208442360162735,-0.004603883717209101,-0.05468883737921715,-0.027744777500629425,0.0020074634812772274,0.056789688766002655,-0.1950797289609909,-0.24308185279369354,-0.16383349895477295,-0.4095938205718994,-0.05177581310272217,0.06277725100517273,-0.21181795001029968,0.04949643462896347,0.09988483786582947,-0.8231767416000366,-0.01085575483739376,0.1809893250465393,132.75586692852588,95.30022743754999,134.0575377001387,20.158088848297613,86.60252096623725,65.13544398515802,153.7844201257317,166.35438440311123,61.926525766773025,88.34255043773565
27,-0.16533227264881134,-0.5643260478973389,-0.0927199199795723,0.08517692983150482,-0.42463698983192444,-0.1716659963130951,-0.04731597378849983,-0.48979440331459045,0.16686111688613892,0.014513079077005386,-0.2282954752445221,-0.21690936386585236,-0.0668802410364151,-0.188365638256073,0.14272025227546692,-0.1544119417667389,-0.10888629406690598,-0.09899549931287766,-0.20171093940734863,-0.04507681727409363,0.018574433401226997,0.05127100273966789,0.016109555959701538,-0.051142994314432144,-0.04972531273961067,-0.01851068064570427,0.05521479621529579,-0.1402679830789566,-0.0006795637309551239,-0.2920647859573364,-0.40891361236572266,-0.052395712584257126,0.02178046479821205,-0.3131115138530731,0.09724792838096619,0.04653419181704521,-0.835241436958313,0.011936619877815247,0.08819738775491714,102.24002471201167,93.7152416952461,114.46507204109886,19.785419950409178,53.772524693055956,46.16386789307617,148.57319146260076,170.6139829581564,71.36316157271368,87.64727776605517
28,-0.4832269549369812,-0.19101685285568237,-0.35110151767730713,-0.24341286718845367,-0.22870148718357086,-0.3344390392303467,-0.4134081304073334,-0.23100964725017548,-0.08532213419675827,-0.3729829788208008,0.00398041307926178,-0.39413559436798096,-0.397614449262619,-0.01671673357486725,-0.10937053710222244,-0.5783220529556274,0.1342688947916031,-0.3439582288265228,-0.5539185404777527,0.1437532603740692,-0.21599672734737396,0.07970242202281952,-0.013990495353937149,-0.010301856324076653,-0.08029447495937347,0.011163361370563507,0.014443640597164631,0.2727370858192444,0.07376307994127274,-0.29826679825782776,-0.3133161962032318,0.09108927845954895,-0.12249409407377243,-0.0033852048218250275,0.09579090774059296,-0.04454239830374718,-0.6249845027923584,0.28537386655807495,-0.12182527035474777,93.84592156863195,127.03072931949475,157.86394372799288,31.708777113462133,37.278338767030874,49.99604682241522,85.320485996246,126.70183083649391,52.55139860079734,70.08197030418708
29,-0.5519213676452637,-0.3386857807636261,-0.04427467659115791,-0.34435907006263733,-0.2540290951728821,-0.1415424346923828,-0.39218470454216003,-0.310357928276062,0.19576716423034668,-0.5277093052864075,-0.0861491858959198,-0.16216744482517242,-0.4687226116657257,-0.10643890500068665,0.2222944051027298,-0.7285796403884888,-0.0790894627571106,0.0011370754800736904,-0.7061872482299805,-0.03217560052871704,0.16198112070560455,0.021596554666757584,0.01825321838259697,-0.05457831919193268,-0.023518331348896027,-0.020520944148302078,0.058602411299943924,-0.127187579870224,0.18833045661449432,-0.24705956876277924,-0.41887617111206055,-0.09023489058017731,0.10982685536146164,-0.13821950554847717,0.09190519154071808,0.13526207208633423,-0.739040732383728,-0.056190282106399536,0.24053995311260223,100.39835062695644,151.02155476572526,138.98632706161325,21.440346770516715,57.56691848742856,55.62176784101675,78.45588497873456,104.72350578612996,37.05776341728601,76.02983804377817
30,-0.20509405434131622,-0.5697670578956604,-0.15101781487464905,0.05405152589082718,-0.4139155447483063,-0.239038348197937,-0.052404604852199554,-0.5029476881027222,0.09959635883569717,-0.01902136579155922,-0.19018715620040894,-0.2938925623893738,-0.05401388555765152,-0.19680911302566528,0.07117162644863129,-0.20073485374450684,-0.034464508295059204,-0.1657576709985733,-0.2127450406551361,-0.049311451613903046,-0.016597021371126175,0.036429550498723984,0.03363829106092453,-0.061951249837875366,-0.035002075135707855,-0.03603551164269447,0.0644620880484581,-0.2847283184528351,0.17322465777397156,-0.23682798445224762,-0.33562928438186646,-0.017455577850341797,0.2150038182735443,-0.24414001405239105,0.08556745946407318,0.19574382901191711,-0.5696248412132263,0.06989941745996475,0.2951265573501587,78.63079021041791,90.67026056179449,125.57033053201953,17.941456055155697,51.21923457818387,48.204910465652866,141.98633653589488,177.3733213343038,70.91532361421064,79.76794396130668
31,-0.23414385318756104,-0.517120361328125,-0.1107034757733345,0.006023682653903961,-0.39273449778556824,-0.18023793399333954,-0.02066650241613388,-0.46822118759155273,0.17813514173030853,0.09738177061080933,-0.21989132463932037,-0.24467432498931885,0.09015163779258728,-0.19751551747322083,0.14740261435508728,0.036770690232515335,-0.029561299830675125,-0.12693388760089874,-0.0024791378527879715,-0.025169136002659798,-0.0061871930956840515,0.0018964969785884023,0.018068986013531685,-0.07213588058948517,0.0006988560780882835,-0.0220943596214056,0.07377049326896667,-0.2926352322101593,-0.1364263892173767,-0.1442902535200119,-0.28400474786758423,-0.28956902027130127,0.07460925728082657,-0.521099328994751,0.16021427512168884,-0.0022521973587572575,-0.5729842185974121,0.05627867579460144,0.19667255878448486,118.98205133948889,134.46093579381122,85.28124707780368,93.18357520580999,65.52606578306178,55.81155225450042,136.72023478305593,159.4798148202036,68.96076217452257,91.29873493814685
32,-0.22472986578941345,-0.5278727412223816,-0.16397927701473236,0.08483706414699554,-0.4145392179489136,-0.230389803647995,-0.08759766072034836,-0.4755198657512665,0.12768913805484772,0.14174143970012665,-0.22752819955348969,-0.3271557688713074,-0.08419166505336761,-0.17889384925365448,0.07879115641117096,-0.01805083081126213,-0.0887703076004982,-0.2704317271709442,-0.20897959172725677,-0.03859004005789757,-0.08286933600902557,0.04756683483719826,0.031327810138463974,-0.06943812221288681,-0.04588158056139946,-0.03448684886097908,0.07164684683084488,-0.23379504680633545,0.038488004356622696,-0.28434765338897705,-0.19268247485160828,-0.31713539361953735,0.13978411257266998,-0.40846824645996094,0.10295064002275467,0.048731960356235504,-0.3420313596725464,0.08251262456178665,0.03342045098543167,97.13392240303307,157.74117624950995,99.35880749478639,133.33570299762542,76.23945120826559,48.76915485041159,129.297863975978,174.83540933188632,79.80387823817865,85.09597999386186
33,-0.50264573097229,-0.40195536613464355,-0.07184281200170517,-0.23914527893066406,-0.27705544233322144,-0.16786512732505798,-0.22208431363105774,-0.41946715116500854,0.1729503870010376,-0.18009191751480103,-0.07167613506317139,-0.19825217127799988,-0.14804323017597198,-0.22024005651474,0.3088848888874054,-0.2955092489719391,0.024385377764701843,0.01702132821083069,-0.31583666801452637,-0.11147917807102203,0.41120487451553345,-0.005287837237119675,0.0328826867043972,-0.06510405242443085,0.005664238706231117,-0.037399761378765106,0.06486856192350388,-0.2400570809841156,0.03731270879507065,-0.20862150192260742,-0.27830570936203003,-0.23606079816818237,0.2904073894023895,-0.3554012179374695,0.0887528583407402,0.1558767408132553,-0.4449709355831146,0.053523868322372437,0.49418896436691284,128.1508993286781,150.63524329024722,103.62340203669926,77.23352724881899,83.5424965794973,65.88504952139456,149.04095406948173,132.68095665992038,42.80459801333538,79.61771609456048
34,-0.5441598296165466,-0.3257350027561188,-0.08810321241617203,-0.28298187255859375,-0.25535741448402405,-0.186517596244812,-0.2792784869670868,-0.39216601848602295,0.1614893525838852,-0.20083603262901306,-0.06070413440465927,-0.20322884619235992,-0.1903146356344223,-0.1847369372844696,0.2624766528606415,-0.2911108434200287,0.049214765429496765,0.03250129520893097,-0.3527568280696869,-0.06171153485774994,0.3118168115615845,-0.005807138048112392,0.03227747604250908,-0.07147272676229477,0.006014065816998482,-0.036287982016801834,0.07160975784063339,-0.2581973969936371,0.06736447662115097,-0.13380847871303558,-0.27865439653396606,-0.1624206006526947,0.2865583300590515,-0.39300286769866943,0.10021209716796875,0.20291170477867126,-0.47401130199432373,0.059539392590522766,0.5045716762542725,127.93271289527095,145.7688539285298,81.46054913611326,57.59979056108641,80.09108083531747,71.96465645747006,150.70899775300504,141.63044460353518,47.189044904857695,80.12571901674032
35,-0.11594458669424057,-0.5553707480430603,-0.23808960616588593,0.03862542286515236,-0.39814823865890503,-0.18712159991264343,-0.010370781645178795,-0.46274590492248535,0.17163671553134918,0.02121230959892273,-0.18610621988773346,-0.24578258395195007,-0.022823527455329895,-0.19722840189933777,0.21084143221378326,-0.18150949478149414,-0.13249453902244568,-0.12017174810171127,-0.23556780815124512,-0.18863257765769958,0.13132786750793457,0.006285031791776419,0.013311377726495266,-0.07977127283811569,-0.002596717095002532,-0.01762656308710575,0.08022629469633102,-0.317473828792572,-0.03076244331896305,-0.10634325444698334,-0.3607160151004791,-0.12574675679206848,0.121670663356781,-0.640612006187439,0.06513059139251709,0.035736870020627975,-0.7378071546554565,0.019317487254738808,0.21229234337806702,94.31409375157301,108.64953346733445,36.32002089821862,37.81594765044003,81.97669189633069,88.29750209955019,150.00522810072792,159.67331314351983,47.52789949415736,88.66195537824632
36,-0.049964338541030884,-0.5363585352897644,-0.3066481947898865,0.1651434302330017,-0.4360508918762207,-0.14780071377754211,-0.08066053688526154,-0.4716525375843048,0.07140881568193436,0.3096717894077301,-0.2935100495815277,-0.20110709965229034,-0.15965844690799713,-0.1985013484954834,0.043487854301929474,0.4601041078567505,-0.1326504945755005,-0.13942134380340576,-0.3302834928035736,-0.02982521429657936,-0.07775063067674637,0.043637242168188095,0.022741399705410004,-0.05493556708097458,-0.039534080773591995,-0.0252741277217865,0.05612710490822792,-0.28106769919395447,-0.006264865398406982,-0.1199726089835167,-0.32948970794677734,-0.1957242786884308,0.13112595677375793,-0.6586394309997559,0.08452792465686798,-0.05427618324756622,-0.6437616944313049,0.018451441079378128,0.22126759588718414,82.815355579945,125.22712912946876,27.913198514217516,62.88928369145007,30.446534857476006,34.969621973266875,114.99398688156089,158.3456020240145,75.47727178755298,82.72875917790849
37,-0.16684256494045258,-0.5271298289299011,-0.008913406170904636,-0.03635615482926369,-0.38097530603408813,-0.13438817858695984,0.08671287447214127,-0.49802371859550476,0.15516901016235352,-0.14157024025917053,-0.18408653140068054,-0.18653662502765656,0.2621673047542572,-0.32363441586494446,0.2253434658050537,-0.23774029314517975,-0.0893416702747345,-0.048184216022491455,0.3156266212463379,-0.2470899224281311,0.2714774012565613,-0.012419247068464756,0.022054601460695267,-0.06987303495407104,0.013385950587689877,-0.026853205636143684,0.07132194191217422,-0.3094550669193268,0.08170685917139053,-0.13041932880878448,-0.282713919878006,-0.07786533236503601,0.10443233698606491,-0.7056340575218201,0.1382344663143158,-0.02088092267513275,-0.6991395354270935,0.030875135213136673,0.25948575139045715,84.08152004083017,91.99683843004273,26.801338721807674,27.291687912714792,60.891152213331765,14.1543599710866,141.61274601856474,120.62360903412524,55.46152677376991,97.28838138260768
38,-0.4095922112464905,-0.45125770568847656,-0.1342555731534958,-0.20599141716957092,-0.3430712819099426,-0.19823120534420013,-0.2832179069519043,-0.40624260902404785,0.13396431505680084,-0.39683014154434204,-0.19871771335601807,-0.2642194628715515,-0.4175354242324829,-0.21177610754966736,0.11793158948421478,-0.583949863910675,-0.09645295143127441,-0.13772538304328918,-0.6380791068077087,-0.08858674764633179,0.026785293594002724,0.012525384314358234,0.016590138897299767,-0.06635469943284988,-0.012113530188798904,-0.01999364048242569,0.06753216683864594,-0.28963926434516907,-0.025574281811714172,-0.13279210031032562,-0.34342771768569946,-0.19063147902488708,0.13441407680511475,-0.6491403579711914,0.10649259388446808,-0.03483288735151291,-0.6899279356002808,0.014674574136734009,0.27044737339019775,130.78651151254505,152.5858400890012,38.537361100813925,56.488625607318134,46.804693506151125,30.09726859834899,90.79278853591299,110.62423814409121,44.73223008408746,76.30773239906307
39,-0.41256779432296753,-0.07796074450016022,-0.12552069127559662,-0.33599138259887695,-0.19316506385803223,-0.1672479510307312,-0.4151058793067932,-0.2758472263813019,0.13010479509830475,-0.49002158641815186,-2.6211142539978027e-05,-0.2292637974023819,-0.49061667919158936,-0.08438566327095032,0.1347782015800476,-0.6912975311279297,0.007493823766708374,-0.09033668786287308,-0.686019778251648,-0.023731589317321777,0.03771268576383591,0.006499549373984337,0.013513082638382912,-0.05796247720718384,-0.007808340713381767,-0.016547122970223427,0.059985700994729996,-0.2644733190536499,-0.08390039205551147,-0.10797829180955887,-0.36590829491615295,-0.13616250455379486,0.05268867686390877,-0.6032645106315613,0.024704933166503906,-0.007379050832241774,-0.6507080793380737,0.008793413639068604,0.19345925748348236,167.68164088712663,163.17996436684834,45.161050598207794,50.64362014826209,67.5100054309138,56.2299291857381,79.29799987188571,100.6501900069024,92.05033753254567,116.45626943333222
40,-0.3827252984046936,-0.06854630261659622,-0.12071751058101654,-0.3364521563053131,-0.18733656406402588,-0.1625322848558426,-0.40330377221107483,-0.26011884212493896,0.1355903148651123,-0.5008534789085388,0.00848253071308136,-0.22039011120796204,-0.49232709407806396,-0.06102415919303894,0.1366361677646637,-0.7046663165092468,0.022854149341583252,-0.0713566243648529,-0.7020859122276306,-0.010115832090377808,0.03904237970709801,0.002619492821395397,0.012228300794959068,-0.05961962789297104,-0.0037917522713541985,-0.015299394726753235,0.06169933080673218,-0.28285083174705505,-0.0776405930519104,-0.10293745994567871,-0.360840380191803,-0.1244109570980072,0.0681801363825798,-0.6232553720474243,0.012190550565719604,-0.018429281190037727,-0.6507670283317566,0.009382069110870361,0.21358436346054077,165.7346638980332,163.5078175363748,38.70432434878479,46.69292835519013,65.30414190799209,56.244266325757756,77.75027548789922,97.2742815958251,103.0493337183834,119.13841148846093
41,-0.4813478887081146,-0.26686736941337585,-0.038375698029994965,-0.3084643483161926,-0.29630377888679504,-0.15370404720306396,-0.30836427211761475,-0.36338767409324646,0.21510213613510132,-0.4425451457500458,-0.1191154420375824,-0.24314455687999725,-0.36727002263069153,-0.14468392729759216,0.1913180649280548,-0.5592420101165771,0.05857780575752258,-0.11923281103372574,-0.5169503688812256,0.05803152918815613,0.09157422184944153,-0.01976052112877369,0.014202151447534561,-0.0744076818227768,0.020377010107040405,-0.016482148319482803,0.0750935822725296,-0.30800551176071167,-0.10181089490652084,-0.12951762974262238,-0.2853893041610718,-0.21399930119514465,0.25308263301849365,-0.09446346759796143,0.16221818327903748,0.09847034513950348,-0.12005222588777542,0.10073509067296982,0.4623492360115051,155.2483290477963,163.98017205805652,144.2485635338367,116.84007447218795,52.29184419977269,25.894421271665298,95.1177148487193,121.84042350646054,69.55359706464019,94.33344883208416
42,-0.14561226963996887,-0.4941776990890503,-0.1364821344614029,0.06328541040420532,-0.3494184613227844,-0.195839062333107,0.04337022081017494,-0.4559614658355713,0.16269046068191528,-0.005696689244359732,-0.14062221348285675,-0.239625945687294,-0.017550118267536163,-0.19959425926208496,0.17914022505283356,-0.1549675017595291,-0.08161802589893341,-0.08302373439073563,-0.2031213343143463,-0.15059436857700348,0.07286737859249115,0.0011491228360682726,0.023936886340379715,-0.0721941664814949,0.0015606890665367246,-0.02781948633491993,0.07360003143548965,-0.3018220365047455,-0.1587299257516861,-0.1364019215106964,-0.2521149516105652,-0.2877616286277771,0.05036668851971626,-0.5454884767532349,0.12248487025499344,0.013897107914090157,-0.5964063405990601,0.03515879809856415,0.1748422384262085,113.59846332233181,128.08197068437062,84.90868262262651,89.83691028840857,71.73321144984124,67.55059937855356,149.37946695847168,162.87491098289712,71.06170173532003,96.68165699831383
43,-0.5111224055290222,-0.363857626914978,-0.10771515965461731,-0.27312755584716797,-0.29417479038238525,-0.19994398951530457,-0.34446701407432556,-0.3605140149593353,0.1430482268333435,-0.4317799508571625,-0.10522705316543579,-0.2662256360054016,-0.4346334636211395,-0.14836253225803375,0.14261728525161743,-0.6155966520309448,0.024996548891067505,-0.1467210054397583,-0.6328897476196289,0.004092097282409668,0.08786772191524506,0.00943479873239994,0.016354648396372795,-0.07523420453071594,-0.009805694222450256,-0.019039854407310486,0.07515162229537964,-0.20656830072402954,-0.03302901238203049,-0.27517396211624146,-0.2280096411705017,-0.18040217459201813,0.343197226524353,-0.10921096801757812,0.2488498091697693,-0.17497506737709045,-0.1636628955602646,0.1194087564945221,0.5348024368286133,140.80566707372492,142.59386819592507,125.8453698180874,94.5994831602205,45.27060567254758,31.642720536893986,92.85787458024485,112.33144351241756,48.102311865195354,74.07878568399808
44,-0.35691168904304504,-0.5353449583053589,-0.04810240864753723,-0.11492247879505157,-0.3325618803501129,-0.19024458527565002,-0.16728143393993378,-0.41329464316368103,0.19704873859882355,-0.2643401026725769,-0.10361798107624054,-0.16219405829906464,-0.226573646068573,-0.151253804564476,0.10428015887737274,-0.313954621553421,-0.23407846689224243,0.11245574057102203,-0.32288438081741333,-0.23695020377635956,-0.062221258878707886,0.011502380482852459,0.004201962612569332,-0.08981935679912567,-0.012679552659392357,-0.00821409560739994,0.09199561923742294,-0.1899162232875824,-0.1278003752231598,-0.2991986572742462,-0.22752928733825684,-0.2748578190803528,0.37800276279449463,-0.07481717318296432,0.18963898718357086,-0.2342187613248825,-0.1209740936756134,0.0638401210308075,0.49081355333328247,139.7378768809391,149.37115703265945,135.81862828584542,119.14030864925104,100.03323082868025,91.24397830003748,126.48311837874608,147.31747489867956,49.13291415021455,69.10379968554425
45,-0.374772310256958,-0.41249752044677734,-0.36533352732658386,-0.15968634188175201,-0.29490917921066284,-0.32584095001220703,-0.2771734893321991,-0.3991166949272156,0.052645329385995865,-0.2500302493572235,-0.06791616976261139,-0.37936460971832275,-0.22396475076675415,-0.1323350965976715,0.08739664405584335,-0.3805246651172638,0.16890761256217957,-0.2625022530555725,-0.33813437819480896,0.07336323708295822,0.02061847224831581,0.028969781473279,0.023628462105989456,-0.07930009812116623,-0.02863437682390213,-0.02681460790336132,0.07870952039957047,-0.2998148202896118,-0.004720509052276611,-0.17697103321552277,-0.41790491342544556,-0.14033779501914978,0.15824055671691895,-0.01539011299610138,0.2169259786605835,0.03654458373785019,-0.0683320015668869,0.15534061193466187,0.31028419733047485,128.4256552585782,137.65399787129743,146.77967421645988,142.2171483219351,36.40969231068131,46.128162994300894,112.21853069760841,157.3093818035696,37.368761081162226,77.97001370960996
46,-0.29469621181488037,0.5088261365890503,-0.020191840827465057,-0.2720351219177246,0.3749382495880127,-0.07399116456508636,-0.3945225179195404,0.33721640706062317,0.17375041544437408,-0.18801696598529816,0.5699943900108337,-0.052691176533699036,-0.2942580282688141,0.4572685658931732,0.19705535471439362,-0.15279893577098846,0.6181482076644897,0.18235890567302704,-0.22632044553756714,0.581501841545105,0.1734159141778946,0.025118950754404068,0.03226389363408089,-0.05504292622208595,-0.028005387634038925,-0.031042400747537613,0.05701407417654991,-0.07604649662971497,0.3067212700843811,0.010127945803105831,-0.1611265242099762,0.32139459252357483,0.15868043899536133,-0.10001790523529053,0.6853486895561218,0.13838249444961548,-0.08641460537910461,0.6498775482177734,0.36843904852867126,154.58250950885918,156.42004001838941,17.11520812750094,34.80555272632207,70.40618864321097,21.132807435907342,64.66023258649446,83.05542400074239,38.9116271148865,88.46129974111514
